[{"model": "admin.logentry", "pk": 1, "fields": {"action_time": "2022-02-05T17:23:20.905Z", "user": 1, "content_type": 13, "object_id": "1", "object_repr": "2022-02-05 17:23:17+00:00 - 4-5 - 70 - 5", "action_flag": 1, "change_message": "[{\"added\": {}}]"}}, {"model": "admin.logentry", "pk": 2, "fields": {"action_time": "2022-02-05T17:23:39.065Z", "user": 1, "content_type": 13, "object_id": "2", "object_repr": "2022-02-05 17:23:35+00:00 - 6-8 - 100 - 4", "action_flag": 1, "change_message": "[{\"added\": {}}]"}}, {"model": "admin.logentry", "pk": 3, "fields": {"action_time": "2022-02-05T19:16:10.610Z", "user": 1, "content_type": 13, "object_id": "3", "object_repr": "2022-02-05 19:16:07+00:00 - 4-5 - 550.00 - 26", "action_flag": 1, "change_message": "[{\"added\": {}}]"}}, {"model": "admin.logentry", "pk": 4, "fields": {"action_time": "2022-02-05T19:16:20.992Z", "user": 1, "content_type": 13, "object_id": "4", "object_repr": "2022-02-05 10:30:52+00:00 - 6-8 - 30.00 - 160", "action_flag": 1, "change_message": "[{\"added\": {}}]"}}, {"model": "admin.logentry", "pk": 5, "fields": {"action_time": "2022-02-05T19:16:36.248Z", "user": 1, "content_type": 13, "object_id": "5", "object_repr": "2022-02-12 17:23:17+00:00 - 6-8 - 50.00 - 4", "action_flag": 1, "change_message": "[{\"added\": {}}]"}}, {"model": "admin.logentry", "pk": 6, "fields": {"action_time": "2022-02-05T19:16:47.620Z", "user": 1, "content_type": 13, "object_id": "6", "object_repr": "2022-02-12 10:30:52+00:00 - 4-5 - 30.00 - 160", "action_flag": 1, "change_message": "[{\"added\": {}}]"}}, {"model": "admin.logentry", "pk": 7, "fields": {"action_time": "2022-02-05T19:17:37.773Z", "user": 1, "content_type": 13, "object_id": "7", "object_repr": "2022-02-05 10:30:52+00:00 - 4-5 - 30.00 - 160", "action_flag": 1, "change_message": "[{\"added\": {}}]"}}, {"model": "admin.logentry", "pk": 8, "fields": {"action_time": "2022-02-05T19:17:50.175Z", "user": 1, "content_type": 13, "object_id": "8", "object_repr": "2022-02-05 19:17:48+00:00 - 4-5 - 45.00 - 6666", "action_flag": 1, "change_message": "[{\"added\": {}}]"}}, {"model": "admin.logentry", "pk": 9, "fields": {"action_time": "2022-02-05T19:18:01.264Z", "user": 1, "content_type": 13, "object_id": "9", "object_repr": "2022-02-05 19:17:59+00:00 - 4-5 - 550.00 - 765", "action_flag": 1, "change_message": "[{\"added\": {}}]"}}, {"model": "admin.logentry", "pk": 10, "fields": {"action_time": "2022-02-05T22:17:54.555Z", "user": 1, "content_type": 14, "object_id": "1", "object_repr": "Menu 1", "action_flag": 1, "change_message": "[{\"added\": {}}]"}}, {"model": "admin.logentry", "pk": 11, "fields": {"action_time": "2022-02-05T22:20:54.849Z", "user": 1, "content_type": 14, "object_id": "1", "object_repr": "Classic Cocktails", "action_flag": 2, "change_message": "[{\"changed\": {\"fields\": [\"Name\"]}}]"}}, {"model": "admin.logentry", "pk": 12, "fields": {"action_time": "2022-02-05T22:21:32.721Z", "user": 1, "content_type": 14, "object_id": "2", "object_repr": "Classic Cocktails 2", "action_flag": 1, "change_message": "[{\"added\": {}}]"}}, {"model": "admin.logentry", "pk": 13, "fields": {"action_time": "2022-02-05T22:21:54.714Z", "user": 1, "content_type": 14, "object_id": "3", "object_repr": "Event Cocktails", "action_flag": 1, "change_message": "[{\"added\": {}}]"}}, {"model": "admin.logentry", "pk": 14, "fields": {"action_time": "2022-02-05T22:22:16.141Z", "user": 1, "content_type": 14, "object_id": "4", "object_repr": "Cocktail Shot Menu", "action_flag": 1, "change_message": "[{\"added\": {}}]"}}, {"model": "admin.logentry", "pk": 15, "fields": {"action_time": "2022-02-05T22:22:40.101Z", "user": 1, "content_type": 14, "object_id": "5", "object_repr": "Wines & Champagne", "action_flag": 1, "change_message": "[{\"added\": {}}]"}}, {"model": "admin.logentry", "pk": 16, "fields": {"action_time": "2022-02-05T22:22:58.859Z", "user": 1, "content_type": 14, "object_id": "6", "object_repr": "Food Menu", "action_flag": 1, "change_message": "[{\"added\": {}}]"}}, {"model": "admin.logentry", "pk": 17, "fields": {"action_time": "2022-02-05T22:23:16.147Z", "user": 1, "content_type": 14, "object_id": "7", "object_repr": "All Drinks", "action_flag": 1, "change_message": "[{\"added\": {}}]"}}, {"model": "admin.logentry", "pk": 18, "fields": {"action_time": "2022-02-06T14:26:09.528Z", "user": 1, "content_type": 15, "object_id": "1", "object_repr": "january", "action_flag": 1, "change_message": "[{\"added\": {}}]"}}, {"model": "admin.logentry", "pk": 19, "fields": {"action_time": "2022-02-06T14:26:37.691Z", "user": 1, "content_type": 15, "object_id": "2", "object_repr": "february", "action_flag": 1, "change_message": "[{\"added\": {}}]"}}, {"model": "admin.logentry", "pk": 20, "fields": {"action_time": "2022-02-06T14:27:29.221Z", "user": 1, "content_type": 15, "object_id": "3", "object_repr": "march", "action_flag": 1, "change_message": "[{\"added\": {}}]"}}, {"model": "admin.logentry", "pk": 21, "fields": {"action_time": "2022-02-06T14:27:44.753Z", "user": 1, "content_type": 15, "object_id": "4", "object_repr": "april", "action_flag": 1, "change_message": "[{\"added\": {}}]"}}, {"model": "admin.logentry", "pk": 22, "fields": {"action_time": "2022-02-06T14:27:55.594Z", "user": 1, "content_type": 15, "object_id": "5", "object_repr": "may", "action_flag": 1, "change_message": "[{\"added\": {}}]"}}, {"model": "admin.logentry", "pk": 23, "fields": {"action_time": "2022-02-06T14:28:06.623Z", "user": 1, "content_type": 15, "object_id": "6", "object_repr": "june", "action_flag": 1, "change_message": "[{\"added\": {}}]"}}, {"model": "admin.logentry", "pk": 24, "fields": {"action_time": "2022-02-06T14:28:19.073Z", "user": 1, "content_type": 15, "object_id": "7", "object_repr": "july", "action_flag": 1, "change_message": "[{\"added\": {}}]"}}, {"model": "admin.logentry", "pk": 25, "fields": {"action_time": "2022-02-06T14:28:35.157Z", "user": 1, "content_type": 15, "object_id": "8", "object_repr": "august", "action_flag": 1, "change_message": "[{\"added\": {}}]"}}, {"model": "admin.logentry", "pk": 26, "fields": {"action_time": "2022-02-06T14:28:46.584Z", "user": 1, "content_type": 15, "object_id": "9", "object_repr": "september", "action_flag": 1, "change_message": "[{\"added\": {}}]"}}, {"model": "admin.logentry", "pk": 27, "fields": {"action_time": "2022-02-06T14:28:55.418Z", "user": 1, "content_type": 15, "object_id": "10", "object_repr": "october", "action_flag": 1, "change_message": "[{\"added\": {}}]"}}, {"model": "admin.logentry", "pk": 28, "fields": {"action_time": "2022-02-06T14:29:05.180Z", "user": 1, "content_type": 15, "object_id": "11", "object_repr": "november", "action_flag": 1, "change_message": "[{\"added\": {}}]"}}, {"model": "admin.logentry", "pk": 29, "fields": {"action_time": "2022-02-06T14:29:15.665Z", "user": 1, "content_type": 15, "object_id": "12", "object_repr": "december", "action_flag": 1, "change_message": "[{\"added\": {}}]"}}, {"model": "admin.logentry", "pk": 30, "fields": {"action_time": "2022-02-06T14:36:29.427Z", "user": 1, "content_type": 16, "object_id": "1", "object_repr": "Adele Tribute Bottomless Brunch - Saturday 11th June 2022", "action_flag": 1, "change_message": "[{\"added\": {}}]"}}, {"model": "admin.logentry", "pk": 31, "fields": {"action_time": "2022-02-07T20:32:54.445Z", "user": 1, "content_type": 16, "object_id": "2", "object_repr": "Broadway Bottomless Brunch - Saturday 12th February 2022", "action_flag": 1, "change_message": "[{\"added\": {}}]"}}, {"model": "admin.logentry", "pk": 32, "fields": {"action_time": "2022-02-07T20:39:53.212Z", "user": 1, "content_type": 16, "object_id": "3", "object_repr": "Stand Up Comedy Club - Thursday 17th February 2022", "action_flag": 1, "change_message": "[{\"added\": {}}]"}}, {"model": "admin.logentry", "pk": 33, "fields": {"action_time": "2022-02-07T20:53:26.207Z", "user": 1, "content_type": 16, "object_id": "4", "object_repr": "Karaoke & Cocktails Booking - Thursday 24th February 2022", "action_flag": 1, "change_message": "[{\"added\": {}}]"}}, {"model": "admin.logentry", "pk": 34, "fields": {"action_time": "2022-02-10T19:01:47.813Z", "user": 1, "content_type": 16, "object_id": "1", "object_repr": "Adele Tribute Bottomless Brunch - Saturday 11th June 2022", "action_flag": 2, "change_message": "[{\"changed\": {\"fields\": [\"Quantity\"]}}]"}}, {"model": "admin.logentry", "pk": 35, "fields": {"action_time": "2022-02-10T19:02:07.508Z", "user": 1, "content_type": 16, "object_id": "1", "object_repr": "Adele Tribute Bottomless Brunch - Saturday 11th June 2022", "action_flag": 2, "change_message": "[{\"changed\": {\"fields\": [\"Quantity\"]}}]"}}, {"model": "admin.logentry", "pk": 36, "fields": {"action_time": "2022-02-10T19:14:58.517Z", "user": 1, "content_type": 16, "object_id": "1", "object_repr": "Adele Tribute Bottomless Brunch - Saturday 11th June 2022", "action_flag": 2, "change_message": "[{\"changed\": {\"fields\": [\"Quantity\"]}}]"}}, {"model": "admin.logentry", "pk": 37, "fields": {"action_time": "2022-02-10T19:58:49.606Z", "user": 1, "content_type": 16, "object_id": "1", "object_repr": "Adele Tribute Bottomless Brunch - Saturday 11th June 2022", "action_flag": 2, "change_message": "[{\"changed\": {\"fields\": [\"Description\", \"Price\"]}}]"}}, {"model": "admin.logentry", "pk": 38, "fields": {"action_time": "2022-02-18T20:08:45.347Z", "user": 1, "content_type": 18, "object_id": "2", "object_repr": "EFB77C350173417A8D961B0DFBC69BC6", "action_flag": 3, "change_message": ""}}, {"model": "admin.logentry", "pk": 39, "fields": {"action_time": "2022-02-18T20:08:45.352Z", "user": 1, "content_type": 18, "object_id": "1", "object_repr": "17D3A9EF414D4FF8B6F1C4D78621D6A5", "action_flag": 3, "change_message": ""}}, {"model": "admin.logentry", "pk": 40, "fields": {"action_time": "2022-02-18T20:33:04.072Z", "user": 1, "content_type": 18, "object_id": "3", "object_repr": "5213495F9D0045D7A86B921C93AAC384", "action_flag": 2, "change_message": "[{\"deleted\": {\"name\": \"order line item\", \"object\": \"SKU broadway001 on order 5213495F9D0045D7A86B921C93AAC384\"}}]"}}, {"model": "admin.logentry", "pk": 41, "fields": {"action_time": "2022-02-18T20:33:45.507Z", "user": 1, "content_type": 18, "object_id": "3", "object_repr": "5213495F9D0045D7A86B921C93AAC384", "action_flag": 2, "change_message": "[{\"added\": {\"name\": \"order line item\", \"object\": \"SKU broadway001 on order 5213495F9D0045D7A86B921C93AAC384\"}}, {\"added\": {\"name\": \"order line item\", \"object\": \"SKU standup001 on order 5213495F9D0045D7A86B921C93AAC384\"}}]"}}, {"model": "admin.logentry", "pk": 42, "fields": {"action_time": "2022-02-18T20:33:58.745Z", "user": 1, "content_type": 18, "object_id": "3", "object_repr": "5213495F9D0045D7A86B921C93AAC384", "action_flag": 2, "change_message": "[{\"deleted\": {\"name\": \"order line item\", \"object\": \"SKU standup001 on order 5213495F9D0045D7A86B921C93AAC384\"}}]"}}, {"model": "admin.logentry", "pk": 43, "fields": {"action_time": "2022-02-18T20:46:37.282Z", "user": 1, "content_type": 18, "object_id": "3", "object_repr": "5213495F9D0045D7A86B921C93AAC384", "action_flag": 2, "change_message": "[{\"deleted\": {\"name\": \"order line item\", \"object\": \"SKU broadway001 on order 5213495F9D0045D7A86B921C93AAC384\"}}]"}}, {"model": "admin.logentry", "pk": 44, "fields": {"action_time": "2022-02-18T20:46:59.137Z", "user": 1, "content_type": 18, "object_id": "3", "object_repr": "5213495F9D0045D7A86B921C93AAC384", "action_flag": 2, "change_message": "[{\"added\": {\"name\": \"order line item\", \"object\": \"SKU adelejune on order 5213495F9D0045D7A86B921C93AAC384\"}}]"}}, {"model": "admin.logentry", "pk": 45, "fields": {"action_time": "2022-02-18T21:49:12.629Z", "user": 1, "content_type": 13, "object_id": "9", "object_repr": "2022-02-05 19:17:59+00:00 - 4-5 - 550.00 - 765", "action_flag": 3, "change_message": ""}}, {"model": "admin.logentry", "pk": 46, "fields": {"action_time": "2022-02-18T21:49:12.633Z", "user": 1, "content_type": 13, "object_id": "8", "object_repr": "2022-02-05 19:17:48+00:00 - 4-5 - 45.00 - 6666", "action_flag": 3, "change_message": ""}}, {"model": "admin.logentry", "pk": 47, "fields": {"action_time": "2022-02-18T21:49:12.636Z", "user": 1, "content_type": 13, "object_id": "7", "object_repr": "2022-02-05 10:30:52+00:00 - 4-5 - 30.00 - 160", "action_flag": 3, "change_message": ""}}, {"model": "admin.logentry", "pk": 48, "fields": {"action_time": "2022-02-18T21:49:12.639Z", "user": 1, "content_type": 13, "object_id": "6", "object_repr": "2022-02-12 10:30:52+00:00 - 4-5 - 30.00 - 160", "action_flag": 3, "change_message": ""}}, {"model": "admin.logentry", "pk": 49, "fields": {"action_time": "2022-02-18T21:49:12.642Z", "user": 1, "content_type": 13, "object_id": "5", "object_repr": "2022-02-12 17:23:17+00:00 - 6-8 - 50.00 - 4", "action_flag": 3, "change_message": ""}}, {"model": "admin.logentry", "pk": 50, "fields": {"action_time": "2022-02-18T21:49:12.645Z", "user": 1, "content_type": 13, "object_id": "4", "object_repr": "2022-02-05 10:30:52+00:00 - 6-8 - 30.00 - 160", "action_flag": 3, "change_message": ""}}, {"model": "admin.logentry", "pk": 51, "fields": {"action_time": "2022-02-18T21:49:12.648Z", "user": 1, "content_type": 13, "object_id": "3", "object_repr": "2022-02-05 19:16:07+00:00 - 4-5 - 550.00 - 26", "action_flag": 3, "change_message": ""}}, {"model": "admin.logentry", "pk": 52, "fields": {"action_time": "2022-02-18T21:49:12.651Z", "user": 1, "content_type": 13, "object_id": "2", "object_repr": "2022-02-05 17:23:35+00:00 - 6-8 - 100.00 - 4", "action_flag": 3, "change_message": ""}}, {"model": "admin.logentry", "pk": 53, "fields": {"action_time": "2022-02-18T21:49:12.654Z", "user": 1, "content_type": 13, "object_id": "1", "object_repr": "2022-02-05 17:23:17+00:00 - 4-5 - 70.00 - 5", "action_flag": 3, "change_message": ""}}, {"model": "admin.logentry", "pk": 54, "fields": {"action_time": "2022-02-18T22:10:28.422Z", "user": 1, "content_type": 19, "object_id": "1", "object_repr": "january", "action_flag": 1, "change_message": "[{\"added\": {}}]"}}, {"model": "admin.logentry", "pk": 55, "fields": {"action_time": "2022-02-18T22:10:38.527Z", "user": 1, "content_type": 19, "object_id": "2", "object_repr": "february", "action_flag": 1, "change_message": "[{\"added\": {}}]"}}, {"model": "admin.logentry", "pk": 56, "fields": {"action_time": "2022-02-18T22:10:48.841Z", "user": 1, "content_type": 19, "object_id": "3", "object_repr": "march", "action_flag": 1, "change_message": "[{\"added\": {}}]"}}, {"model": "admin.logentry", "pk": 57, "fields": {"action_time": "2022-02-18T22:11:16.756Z", "user": 1, "content_type": 19, "object_id": "4", "object_repr": "april", "action_flag": 1, "change_message": "[{\"added\": {}}]"}}, {"model": "admin.logentry", "pk": 58, "fields": {"action_time": "2022-02-18T22:14:04.947Z", "user": 1, "content_type": 19, "object_id": "5", "object_repr": "may", "action_flag": 1, "change_message": "[{\"added\": {}}]"}}, {"model": "admin.logentry", "pk": 59, "fields": {"action_time": "2022-02-18T22:14:20.356Z", "user": 1, "content_type": 19, "object_id": "6", "object_repr": "june", "action_flag": 1, "change_message": "[{\"added\": {}}]"}}, {"model": "admin.logentry", "pk": 60, "fields": {"action_time": "2022-02-18T22:14:30.561Z", "user": 1, "content_type": 19, "object_id": "7", "object_repr": "july", "action_flag": 1, "change_message": "[{\"added\": {}}]"}}, {"model": "admin.logentry", "pk": 61, "fields": {"action_time": "2022-02-18T22:20:23.366Z", "user": 1, "content_type": 19, "object_id": "8", "object_repr": "august", "action_flag": 1, "change_message": "[{\"added\": {}}]"}}, {"model": "admin.logentry", "pk": 62, "fields": {"action_time": "2022-02-18T22:20:34.666Z", "user": 1, "content_type": 19, "object_id": "9", "object_repr": "september", "action_flag": 1, "change_message": "[{\"added\": {}}]"}}, {"model": "admin.logentry", "pk": 63, "fields": {"action_time": "2022-02-18T22:20:43.783Z", "user": 1, "content_type": 19, "object_id": "10", "object_repr": "october", "action_flag": 1, "change_message": "[{\"added\": {}}]"}}, {"model": "admin.logentry", "pk": 64, "fields": {"action_time": "2022-02-18T22:20:56.805Z", "user": 1, "content_type": 19, "object_id": "11", "object_repr": "november", "action_flag": 1, "change_message": "[{\"added\": {}}]"}}, {"model": "admin.logentry", "pk": 65, "fields": {"action_time": "2022-02-18T22:21:06.169Z", "user": 1, "content_type": 19, "object_id": "12", "object_repr": "december", "action_flag": 1, "change_message": "[{\"added\": {}}]"}}, {"model": "admin.logentry", "pk": 66, "fields": {"action_time": "2022-02-18T22:26:24.447Z", "user": 1, "content_type": 13, "object_id": "1", "object_repr": "2022-02-18 22:00:00+00:00 - 4-5 - 5 - 70", "action_flag": 1, "change_message": "[{\"added\": {}}]"}}, {"model": "admin.logentry", "pk": 67, "fields": {"action_time": "2022-02-18T22:27:36.526Z", "user": 1, "content_type": 13, "object_id": "2", "object_repr": "2022-02-18 22:00:00+00:00 - 6-8 - 5 - 100", "action_flag": 1, "change_message": "[{\"added\": {}}]"}}, {"model": "admin.logentry", "pk": 68, "fields": {"action_time": "2022-02-18T22:28:14.836Z", "user": 1, "content_type": 13, "object_id": "3", "object_repr": "2022-02-19 22:00:00+00:00 - 4-5 - 5 - 70", "action_flag": 1, "change_message": "[{\"added\": {}}]"}}, {"model": "admin.logentry", "pk": 69, "fields": {"action_time": "2022-02-18T22:28:37.468Z", "user": 1, "content_type": 13, "object_id": "4", "object_repr": "2022-02-19 22:00:00+00:00 - 6-8 - 5 - 100", "action_flag": 1, "change_message": "[{\"added\": {}}]"}}, {"model": "admin.logentry", "pk": 70, "fields": {"action_time": "2022-02-19T12:03:25.478Z", "user": 1, "content_type": 13, "object_id": "5", "object_repr": "2022-03-04 22:00:00+00:00 - 4-5 - 6 - 70", "action_flag": 1, "change_message": "[{\"added\": {}}]"}}, {"model": "admin.logentry", "pk": 71, "fields": {"action_time": "2022-02-19T15:09:29.447Z", "user": 1, "content_type": 13, "object_id": "1", "object_repr": "2022-02-18 22:00:00+00:00 - 4-5 - 5 - 70.00", "action_flag": 2, "change_message": "[{\"changed\": {\"fields\": [\"Sku\"]}}]"}}, {"model": "admin.logentry", "pk": 72, "fields": {"action_time": "2022-02-19T16:50:18.694Z", "user": 1, "content_type": 15, "object_id": "13", "object_repr": "vip-february", "action_flag": 1, "change_message": "[{\"added\": {}}]"}}, {"model": "admin.logentry", "pk": 73, "fields": {"action_time": "2022-02-19T17:00:19.366Z", "user": 1, "content_type": 16, "object_id": "5", "object_repr": "VIP BOOTH - 4-5 - 19/02/2022", "action_flag": 1, "change_message": "[{\"added\": {}}]"}}, {"model": "admin.logentry", "pk": 74, "fields": {"action_time": "2022-02-19T17:01:51.196Z", "user": 1, "content_type": 15, "object_id": "13", "object_repr": "vip", "action_flag": 2, "change_message": "[{\"changed\": {\"fields\": [\"Name\", \"Friendly name\"]}}]"}}, {"model": "admin.logentry", "pk": 75, "fields": {"action_time": "2022-02-19T17:02:13.209Z", "user": 1, "content_type": 16, "object_id": "5", "object_repr": "VIP BOOTH - 4-5 - 19/02/2022", "action_flag": 2, "change_message": "[]"}}, {"model": "admin.logentry", "pk": 76, "fields": {"action_time": "2022-02-19T18:29:58.019Z", "user": 1, "content_type": 16, "object_id": "5", "object_repr": "VIP BOOTH - 4-5 - 19/02/2022", "action_flag": 2, "change_message": "[{\"changed\": {\"fields\": [\"Image\"]}}]"}}, {"model": "admin.logentry", "pk": 77, "fields": {"action_time": "2022-02-19T18:36:48.699Z", "user": 1, "content_type": 16, "object_id": "6", "object_repr": "VIP BOOTH - 6-8 - Saturday 19th February 2022 - Saturday 19th February 2022", "action_flag": 1, "change_message": "[{\"added\": {}}]"}}, {"model": "admin.logentry", "pk": 78, "fields": {"action_time": "2022-02-19T18:37:14.993Z", "user": 1, "content_type": 16, "object_id": "5", "object_repr": "VIP BOOTH - 4-5 - Saturday 19th February 2022 - Saturday 19th February 2022", "action_flag": 2, "change_message": "[{\"changed\": {\"fields\": [\"Name\", \"Date\"]}}]"}}, {"model": "admin.logentry", "pk": 79, "fields": {"action_time": "2022-02-23T21:59:53.455Z", "user": 1, "content_type": 18, "object_id": "19", "object_repr": "954C8733682F4931A96C66CADB8B691A", "action_flag": 3, "change_message": ""}}, {"model": "admin.logentry", "pk": 80, "fields": {"action_time": "2022-02-23T21:59:53.463Z", "user": 1, "content_type": 18, "object_id": "18", "object_repr": "51BDCF6475F54D73AF614770682A033D", "action_flag": 3, "change_message": ""}}, {"model": "admin.logentry", "pk": 81, "fields": {"action_time": "2022-02-23T21:59:53.467Z", "user": 1, "content_type": 18, "object_id": "17", "object_repr": "D497ADECE0354A2B99C6232F0AFE123E", "action_flag": 3, "change_message": ""}}, {"model": "admin.logentry", "pk": 82, "fields": {"action_time": "2022-02-23T21:59:53.471Z", "user": 1, "content_type": 18, "object_id": "16", "object_repr": "A167C9249307497DBECF366314894B19", "action_flag": 3, "change_message": ""}}, {"model": "admin.logentry", "pk": 83, "fields": {"action_time": "2022-02-23T21:59:53.475Z", "user": 1, "content_type": 18, "object_id": "15", "object_repr": "4E111E2CAB144F8BADEECDD0D72B88AF", "action_flag": 3, "change_message": ""}}, {"model": "admin.logentry", "pk": 84, "fields": {"action_time": "2022-02-23T21:59:53.479Z", "user": 1, "content_type": 18, "object_id": "14", "object_repr": "AD287605AAEA492982D694C73C162ABE", "action_flag": 3, "change_message": ""}}, {"model": "admin.logentry", "pk": 85, "fields": {"action_time": "2022-02-23T21:59:53.482Z", "user": 1, "content_type": 18, "object_id": "13", "object_repr": "9EB0AF9F97B64DCBB2F65873AAFAA7C8", "action_flag": 3, "change_message": ""}}, {"model": "admin.logentry", "pk": 86, "fields": {"action_time": "2022-02-23T21:59:53.486Z", "user": 1, "content_type": 18, "object_id": "12", "object_repr": "3B59511A18524859A1FA4228F7693980", "action_flag": 3, "change_message": ""}}, {"model": "admin.logentry", "pk": 87, "fields": {"action_time": "2022-02-23T21:59:53.490Z", "user": 1, "content_type": 18, "object_id": "11", "object_repr": "9F77BF2FC9E14AAD98B115D09733A2B3", "action_flag": 3, "change_message": ""}}, {"model": "admin.logentry", "pk": 88, "fields": {"action_time": "2022-02-23T21:59:53.494Z", "user": 1, "content_type": 18, "object_id": "10", "object_repr": "3223DDCE6CA84167939E1B9D15389E10", "action_flag": 3, "change_message": ""}}, {"model": "admin.logentry", "pk": 89, "fields": {"action_time": "2022-02-23T21:59:53.497Z", "user": 1, "content_type": 18, "object_id": "9", "object_repr": "1C6B006EDDED444997E1564C1FA0B95E", "action_flag": 3, "change_message": ""}}, {"model": "admin.logentry", "pk": 90, "fields": {"action_time": "2022-02-23T21:59:53.501Z", "user": 1, "content_type": 18, "object_id": "8", "object_repr": "946D610376A249DA955922E15B522A1B", "action_flag": 3, "change_message": ""}}, {"model": "admin.logentry", "pk": 91, "fields": {"action_time": "2022-02-23T21:59:53.505Z", "user": 1, "content_type": 18, "object_id": "7", "object_repr": "9560A3780E444871A26170ABDC7EA428", "action_flag": 3, "change_message": ""}}, {"model": "admin.logentry", "pk": 92, "fields": {"action_time": "2022-02-23T21:59:53.509Z", "user": 1, "content_type": 18, "object_id": "6", "object_repr": "A9410B1DC754492AAA44D408707372EF", "action_flag": 3, "change_message": ""}}, {"model": "admin.logentry", "pk": 93, "fields": {"action_time": "2022-02-23T21:59:53.514Z", "user": 1, "content_type": 18, "object_id": "5", "object_repr": "CB119C136117486E993F6392FED2C1ED", "action_flag": 3, "change_message": ""}}, {"model": "admin.logentry", "pk": 94, "fields": {"action_time": "2022-02-23T21:59:53.519Z", "user": 1, "content_type": 18, "object_id": "4", "object_repr": "53DC9CA22ACC44098748C2F94EDDEA77", "action_flag": 3, "change_message": ""}}, {"model": "admin.logentry", "pk": 95, "fields": {"action_time": "2022-02-23T21:59:53.523Z", "user": 1, "content_type": 18, "object_id": "3", "object_repr": "5213495F9D0045D7A86B921C93AAC384", "action_flag": 3, "change_message": ""}}, {"model": "admin.logentry", "pk": 96, "fields": {"action_time": "2022-02-25T17:33:19.089Z", "user": 1, "content_type": 18, "object_id": "21", "object_repr": "1EABD2BF4D3D4D42BC877EC942D5DF08", "action_flag": 3, "change_message": ""}}, {"model": "admin.logentry", "pk": 97, "fields": {"action_time": "2022-02-25T17:33:19.094Z", "user": 1, "content_type": 18, "object_id": "20", "object_repr": "BC77B0CC478D402D91C679609C582915", "action_flag": 3, "change_message": ""}}, {"model": "admin.logentry", "pk": 98, "fields": {"action_time": "2022-02-25T17:43:53.455Z", "user": 1, "content_type": 4, "object_id": "1", "object_repr": "admin", "action_flag": 2, "change_message": "[{\"changed\": {\"fields\": [\"First name\", \"Last name\"]}}]"}}, {"model": "admin.logentry", "pk": 99, "fields": {"action_time": "2022-02-28T15:43:43.960Z", "user": 1, "content_type": 18, "object_id": "3", "object_repr": "73BFD10084F540DCA51951E877D43611", "action_flag": 3, "change_message": ""}}, {"model": "admin.logentry", "pk": 100, "fields": {"action_time": "2022-02-28T15:43:43.967Z", "user": 1, "content_type": 18, "object_id": "2", "object_repr": "AC7C1EBC0E7D4C68A65E10952D8892CD", "action_flag": 3, "change_message": ""}}, {"model": "admin.logentry", "pk": 101, "fields": {"action_time": "2022-02-28T15:43:43.972Z", "user": 1, "content_type": 18, "object_id": "1", "object_repr": "9408C05D32EE444DB1DE18179534DFAF", "action_flag": 3, "change_message": ""}}, {"model": "admin.logentry", "pk": 102, "fields": {"action_time": "2022-03-03T20:46:10.908Z", "user": 1, "content_type": 18, "object_id": "14", "object_repr": "7C07BBF02D4A48C88BB0BC9031ADA012", "action_flag": 3, "change_message": ""}}, {"model": "admin.logentry", "pk": 103, "fields": {"action_time": "2022-03-03T20:46:10.915Z", "user": 1, "content_type": 18, "object_id": "13", "object_repr": "E685765A56184AE8956EAC530AAF445E", "action_flag": 3, "change_message": ""}}, {"model": "admin.logentry", "pk": 104, "fields": {"action_time": "2022-03-03T20:46:10.920Z", "user": 1, "content_type": 18, "object_id": "12", "object_repr": "C7A072487ACE43DF8BC64D7125500CC0", "action_flag": 3, "change_message": ""}}, {"model": "admin.logentry", "pk": 105, "fields": {"action_time": "2022-03-03T20:46:10.924Z", "user": 1, "content_type": 18, "object_id": "11", "object_repr": "4666D67BDC784885930CABBE976090EA", "action_flag": 3, "change_message": ""}}, {"model": "admin.logentry", "pk": 106, "fields": {"action_time": "2022-03-03T20:46:10.928Z", "user": 1, "content_type": 18, "object_id": "10", "object_repr": "B383581DBFD740C2A87771A5F466768E", "action_flag": 3, "change_message": ""}}, {"model": "admin.logentry", "pk": 107, "fields": {"action_time": "2022-03-03T20:46:10.933Z", "user": 1, "content_type": 18, "object_id": "9", "object_repr": "85819368754C44ECB450B2E5DAC1ED5D", "action_flag": 3, "change_message": ""}}, {"model": "admin.logentry", "pk": 108, "fields": {"action_time": "2022-03-03T20:46:10.937Z", "user": 1, "content_type": 18, "object_id": "8", "object_repr": "BC3A77058A8843309F8DD36BB0523738", "action_flag": 3, "change_message": ""}}, {"model": "admin.logentry", "pk": 109, "fields": {"action_time": "2022-03-03T20:46:10.941Z", "user": 1, "content_type": 18, "object_id": "7", "object_repr": "3201980284A94128971B6F92ABD65787", "action_flag": 3, "change_message": ""}}, {"model": "admin.logentry", "pk": 110, "fields": {"action_time": "2022-03-03T20:46:10.945Z", "user": 1, "content_type": 18, "object_id": "6", "object_repr": "84B8154691B345CF8C0123AD4D8C7A64", "action_flag": 3, "change_message": ""}}, {"model": "auth.user", "pk": 1, "fields": {"password": "pbkdf2_sha256$260000$ZAGYzE11wNJqL4zXj8fA5b$6ipCy5yGzVs1nzizePq5KMwAT8mRXj9x2ExYng9KsMI=", "last_login": "2022-03-12T16:41:37.252Z", "is_superuser": true, "username": "admin", "first_name": "Clayton", "last_name": "File", "email": "clayton@fullsnackwebdev.co.uk", "is_staff": true, "is_active": true, "date_joined": "2022-02-05T17:23:01Z", "groups": [], "user_permissions": []}}, {"model": "sessions.session", "pk": "0cmnknd3b4uav2r6p2gmhkvk73cqopi2", "fields": {"session_data": ".eJxVjMEOwiAQBf-Fc0MoiECP3v0GsmUXixow0BqN8d-1SQ96fTNvXszDMk9-aVR9QjawnnW_2wjhQnkFeIZ8KjyUPNc08lXhG238WJCuh839C0zQpu-b0MhI0SrU0eIolXL7aC0ah72TygYpLASIQTinXK8BjSANu6iMAanVGm3UWirZ0-OW6pMNomMN7uRTjoUNc13o_QEE1UVR:1nNee8:oja8LUJsMetsubaNtCij9j855CCejI6YW9DCZ4krNUk", "expire_date": "2022-03-11T17:44:48.250Z"}}, {"model": "sessions.session", "pk": "0uud1fq9aazeuahhojnkj3dscmzb93gg", "fields": {"session_data": "e30:1nNYu4:7ORuTPDGBaFXZxEBgOMgu_zUZP64HOAcZfFAl59lRHI", "expire_date": "2022-03-11T11:36:52.134Z"}}, {"model": "sessions.session", "pk": "6i315zkbphegrsnomvbjistzzx044tf9", "fields": {"session_data": ".eJxVjDEOAiEQRe9CbQgwIoOlvWcgAwOyaiBZdivj3XWTLbT9773_EoHWpYZ15DlMLM5Ci8PvFik9ctsA36nduky9LfMU5abInQ557Zyfl939O6g06rfO7EzJBYFtQY4GwJ8KIjvP2hvAZBRSopKU9-C1JXYqWzoWcI6MBfH-APcmN_A:1nTQFk:W9euWZmSoFz5EhkUhrhSNCZM72FvBIy0T8LemXphNLM", "expire_date": "2022-03-27T15:35:28.217Z"}}, {"model": "sessions.session", "pk": "bn6wd1eyb1a42qru8qyng3w40qqm4szm", "fields": {"session_data": ".eJxVjDsOwyAQBe-ytYUMhPAp0-cMaGEhdhKBZOw0lu8eW3KRtG_mzQoel3nwS0uTHwkccOh-t4DxlcoB6InlUVmsZZ7GwA6FnbSxe6X0vp3uX2DANuzvRFrklI0klQ0FIaW9ZmNIW-JWSBNFbzBijr210nKFpPuk8JKl1iiU3KMNP8mPJVdw87SkDgI-wK2gwPFt-wJeBUHE:1nNKSM:YkFWG-Hm8vb1BuMI5DyxP-Hvgz-ZGV5GzHHZc8G6BTA", "expire_date": "2022-03-10T20:11:18.249Z"}}, {"model": "sessions.session", "pk": "cnmtbdg4nk3exqr9yrbt6ybxevrg4qt7", "fields": {"session_data": ".eJxVjMEOgyAQBf9lzw1BBUGOvfcbyMKC0jbYiCZtjP9eTbx4fTNvVrAllJLGbMP3k6YfGH4Di8s82KWEySYCAxVcNof-FfIB6Im5H5kf8zwlxw6FnbSwx0jhfT_dS2DAMuxvdNI1NekYUSrJqdOxi5FLjiha0WqlPdckSMS680RCV4KkEsiFapSLuEcd9mBWqMFU2_YHqrFC_Q:1nIrkL:RKms2Lkcp_WIWbwJaNSx0B7c1DdLN-02s86lj_jb5M4", "expire_date": "2022-02-26T12:43:25.552Z"}}, {"model": "sessions.session", "pk": "mo69pgo0fhmhjlx0chg14h5oc4clwqe9", "fields": {"session_data": ".eJxVjjFPwzAQhf_KySup5ZwJsbOVjQGJiaWpokvOTlqCLcXJgKr-d1xUJJBON7z37nt3ER1t69RtyS3diUUjSlH81XoaPly4GXymMEY5xLAup17eIvLuJvka2c3P9-w_wERpyteOa_TOG82VN9yj1vbJG8O15dKiNgMqQwP5QVmrbVkR18pV9Oh1XRNWOkN7GkVzyQ82YZvna275dCnR6FLmHw6t6LpziuFXbUUBqgCsCmjFntkxvL-8QR_jOoGPCzCtrgFUiDuFu9IAYqNUnoefDWuEr7gtkHtlK45Hcf0GyPxeOA:1nLRnO:0Ct0NfUI5wdBFIVc49jhTFzwd4aILy1EJyStnGltzGY", "expire_date": "2022-03-05T15:37:14.376Z"}}, {"model": "sessions.session", "pk": "n53ca3mtkxf77pxrt7bqb444gi73qua0", "fields": {"session_data": "e30:1nNYuo:jmMrB0ioeY2g-5tGJgQn9TXeZY8fuEzYpLttw8xW0YU", "expire_date": "2022-03-11T11:37:38.014Z"}}, {"model": "sessions.session", "pk": "nkltplxmiiktwpj9w80pbfqtq7ehpjmp", "fields": {"session_data": ".eJxVjEEOwiAQRe_C2hDaDmVw6d4zNAPDSNVAUtqV8e7apAvd_vfef6mJtjVPW0vLNLM6q06dfrdA8ZHKDvhO5VZ1rGVd5qB3RR-06Wvl9Lwc7t9Bppa_NQUbhp5RhKyzhj2KFzHWEMEIIzqMBhkYpPeRGbADtg7IgBtcEFLvD_M9OBM:1nGOm8:jAvpfk6K0qn4l_XrKigYYKMsFKFjZSSs3fYj2HIoBlI", "expire_date": "2022-02-19T17:23:04.650Z"}}, {"model": "sessions.session", "pk": "o4uoq4jxab1q6njocgl8or8wr9owat9i", "fields": {"session_data": ".eJxVjDsOgzAQBe-yNbLwbhx_yvQ5A1p7bSCJQOJTIe4ekGho38y8DSK3EDbQELAChKD3Chpel65Z5zw1vUA44G2LnL55OIF8eGhHlcZhmfqoTkVddFbvUfLvdbm3g47n7qizWCy5OBJTnEQk8s_inFgv2iO5hLXjxCXV3pPXhsXW2fCjkLWMhmD_A1i0PKo:1nJHu9:qmYMcNPfLqUeUAvCoazRpWspRAyRVTPW5sy0JkFYvFw", "expire_date": "2022-02-27T16:39:17.310Z"}}, {"model": "sessions.session", "pk": "tmeevlyl39qdqfgz7oqxwa5f01zkhi2m", "fields": {"session_data": ".eJxVjEEOgjAQRe_StWmgY23L0j1naIbOjKCmTSi4Md5dSFjo9r_331tFXJcxrpXnOJHqVKtOv9uA6cF5B3THfCs6lbzM06B3RR-06r4QP6-H-xcYsY7bm8kZYfFAVjwNBiBcxHtygdpgwCfTeEwoqQkBQmuRXMMWzwLOobGwRSu-OE5ZiuqWeeXPF-CjPhQ:1nLBjx:xE3VAmqIJ3GU_4OK462xUcYhR0_VeHDZc7FHXW1SLS0", "expire_date": "2022-03-04T22:28:37.550Z"}}, {"model": "sessions.session", "pk": "ukawh6yjkql9qcp4fsqt57asi67ctbwt", "fields": {"session_data": ".eJxVjMEOwiAQBf-Fc0MoiECP3v0GsmUXixow0BqN8d-1SQ96fTNvXszDMk9-aVR9QjawnnW_2wjhQnkFeIZ8KjyUPNc08lXhG238WJCuh839C0zQpu-b0MhI0SrU0eIolXL7aC0ah72TygYpLASIQTinXK8BjSANu6iMAanVGm3UWirZ0-OW6pMNomMN7uRTjoUNc13o_QEE1UVR:1nRL94:okoLI8aA05COTiFEo_VYcoWhvGU630FpXCl5282hMV8", "expire_date": "2022-03-21T21:43:58.572Z"}}, {"model": "sessions.session", "pk": "xszflv1nywi9ji62n14ikl37saivhoq5", "fields": {"session_data": "e30:1nNYuQ:2HgPymMLneR70CUlM4Q1e67ARzUc6how8_rH9otxkNA", "expire_date": "2022-03-11T11:37:14.711Z"}}, {"model": "sessions.session", "pk": "xu7zrhnigb30ziu491tumhjnklrx6fn1", "fields": {"session_data": "e30:1nNYVU:ydg-Fhe-kbnwhAvgCWl9-OiVCUqobI6bAPRC5V-KALA", "expire_date": "2022-03-11T11:11:28.536Z"}}, {"model": "sessions.session", "pk": "yxyo4q9apx7u9zpwilk1k3xlu04j80m4", "fields": {"session_data": "eyJiYWciOnt9fQ:1nNcfS:qYK_I6myZunxnMJvSyNKLt0eAk_PYYUsKWkG1q21ADA", "expire_date": "2022-03-11T15:38:02.324Z"}}, {"model": "sites.site", "pk": 1, "fields": {"domain": "example.com", "name": "example.com"}}, {"model": "account.emailaddress", "pk": 1, "fields": {"user": 1, "email": "clayton@fullsnackwebdev.co.uk", "verified": true, "primary": true}}, {"model": "menu.menuimages", "pk": 1, "fields": {"name": "Classic Cocktails", "image_url": null, "image": "menu1_B2lBljv.jpeg"}}, {"model": "menu.menuimages", "pk": 2, "fields": {"name": "Classic Cocktails 2", "image_url": null, "image": "menu2_Ft0yQvL.jpeg"}}, {"model": "menu.menuimages", "pk": 3, "fields": {"name": "Event Cocktails", "image_url": null, "image": "menu3_f1HLwrB.jpeg"}}, {"model": "menu.menuimages", "pk": 4, "fields": {"name": "Cocktail Shot Menu", "image_url": null, "image": "menu4_Gjwgf93.jpeg"}}, {"model": "menu.menuimages", "pk": 5, "fields": {"name": "Wines & Champagne", "image_url": null, "image": "menu5_cRl5AmZ.jpeg"}}, {"model": "menu.menuimages", "pk": 6, "fields": {"name": "Food Menu", "image_url": null, "image": "menu6_Cs6mRAe.jpeg"}}, {"model": "menu.menuimages", "pk": 7, "fields": {"name": "All Drinks", "image_url": null, "image": "menu7_h2wuky0.jpeg"}}, {"model": "events.month", "pk": 1, "fields": {"name": "january", "friendly_name": "January"}}, {"model": "events.month", "pk": 2, "fields": {"name": "february", "friendly_name": "February"}}, {"model": "events.month", "pk": 3, "fields": {"name": "march", "friendly_name": "March"}}, {"model": "events.month", "pk": 4, "fields": {"name": "april", "friendly_name": "April"}}, {"model": "events.month", "pk": 5, "fields": {"name": "may", "friendly_name": "May"}}, {"model": "events.month", "pk": 6, "fields": {"name": "june", "friendly_name": "June"}}, {"model": "events.month", "pk": 7, "fields": {"name": "july", "friendly_name": "July"}}, {"model": "events.month", "pk": 8, "fields": {"name": "august", "friendly_name": "August"}}, {"model": "events.month", "pk": 9, "fields": {"name": "september", "friendly_name": "September"}}, {"model": "events.month", "pk": 10, "fields": {"name": "october", "friendly_name": "October"}}, {"model": "events.month", "pk": 11, "fields": {"name": "november", "friendly_name": "November"}}, {"model": "events.month", "pk": 12, "fields": {"name": "december", "friendly_name": "December"}}, {"model": "events.month", "pk": 13, "fields": {"name": "vip", "friendly_name": "VIP"}}, {"model": "events.event", "pk": 1, "fields": {"month": 6, "sku": "adelejune", "name": "Adele Tribute Bottomless Brunch", "description": "90 MINUTES BOTTOMLESS PROSECCO OR PORN STAR MARTINI WITH AFTERNOON TEA OR CHARCUTERIE\r\n\r\n£40pp | Doors Open 2PM | Performance 3PM-5PM | Strictly Over 21s", "date": "Saturday 11th June 2022", "booth_size": null, "quantity": 5, "price": "40.00", "image_url": null, "image": "adele_4iWVs4x.jpeg"}}, {"model": "events.event", "pk": 2, "fields": {"month": 2, "sku": "broadway001", "name": "Broadway Bottomless Brunch", "description": "90 MINUTES BOTTOMLESS PROSECCO OR PORN STAR MARTINI WITH AFTERNOON TEA OR CHARCUTERIE\r\n\r\n£35pp | Doors Open 2PM | Performance 3PM-5PM | Strictly Over 21s | £15pp non refundable deposit | Remaining Balance due week before the event", "date": "Saturday 12th February 2022", "booth_size": null, "quantity": 4, "price": "30.00", "image_url": null, "image": "broadway.jpeg"}}, {"model": "events.event", "pk": 3, "fields": {"month": 2, "sku": "standup001", "name": "Stand Up Comedy Club", "description": "£7pp | 8PM-10PM", "date": "Thursday 17th February 2022", "booth_size": null, "quantity": 3, "price": "7.00", "image_url": null, "image": "comedy.jpeg"}}, {"model": "events.event", "pk": 4, "fields": {"month": 2, "sku": "karaoke001", "name": "Karaoke & Cocktails Booking", "description": "Karaoke & Cocktails Booking - Free Entry", "date": "Thursday 24th February 2022", "booth_size": null, "quantity": 160, "price": "0.00", "image_url": null, "image": "karaoke.jpeg"}}, {"model": "events.event", "pk": 5, "fields": {"month": 13, "sku": "feb1945", "name": "VIP BOOTH - 4-5 - Saturday 19th February 2022", "description": "PACKAGE FOR 4-5 GUESTS = £70\r\nPACKAGE FOR 6-8 GUESTS = £100\r\n\r\n1 Bottle of 70cl Spirit of your choice (from choices below), 2 Mixers (excluding bottled mixer), EXTRA MIXER £5 PER CARAFE\r\nGrey Goose - Dead Mans Finger Spiced - Gordons Pink Gin - Jack Daniels - Whitley Neil Rhubarb & Ginger\r\n\r\nPLEASE CHECK OUR DRESS CODE BEFORE ARRIVAL OTHER SPIRIT FLAVOURS ARE AVAILABLE PLEASE CONTACT US A DAY BEFORE ARRIVAL IF YOU WISH TO HAVE AN ALTERNATIVE FLAVOUR. ARRIVAL ON OR BEFORE 8 PM TABLES WILL ONLY BE HELD FOR 15 MINUTES AFTER THIS TIME.", "date": "Saturday 19th February 2022", "booth_size": "4-5", "quantity": 6, "price": "70.00", "image_url": null, "image": "langs_vip_booth.png"}}, {"model": "events.event", "pk": 6, "fields": {"month": 13, "sku": null, "name": "VIP BOOTH - 6-8 - Saturday 19th February 2022", "description": "PACKAGE FOR 4-5 GUESTS = £70 PACKAGE FOR 6-8 GUESTS = £100 1 Bottle of 70cl Spirit of your choice (from choices below), 2 Mixers (excluding bottled mixer), EXTRA MIXER £5 PER CARAFE Grey Goose - Dead Mans Finger Spiced - Gordons Pink Gin - Jack Daniels - Whitley Neil Rhubarb & Ginger PLEASE CHECK OUR DRESS CODE BEFORE ARRIVAL OTHER SPIRIT FLAVOURS ARE AVAILABLE PLEASE CONTACT US A DAY BEFORE ARRIVAL IF YOU WISH TO HAVE AN ALTERNATIVE FLAVOUR. ARRIVAL ON OR BEFORE 8 PM TABLES WILL ONLY BE HELD FOR 15 MINUTES AFTER THIS TIME.", "date": "Saturday 19th February 2022", "booth_size": "6-8", "quantity": 3, "price": "100.00", "image_url": null, "image": "langs_vip_booth_pmIfqNz.png"}}, {"model": "contact.contactmodel", "pk": 1, "fields": {"name": "CLAYTON FILE", "email": "claytonmanu@msn.com", "phone": "+447498297006", "message": "ghjkjhg"}}, {"model": "checkout.order", "pk": 4, "fields": {"order_number": "5549B5008B794BFD96C421E4D227FF89", "user_profile": 1, "full_name": "Clayton File", "email": "clayton@fullsnackwebdev.co.uk", "phone_number": "+447593450036", "country": "GB", "postcode": "ME104ST", "town_or_city": "SITTINGBOURNE", "street_address1": "27 Watling Place", "street_address2": null, "county": "Kent", "date": "2022-02-28T14:18:45.809Z", "order_total": "30.00", "grand_total": "30.00", "original_bag": "{\"2\": 1}", "stripe_pid": "pi_3KYA3SIOvaJrsYCw1mhh8Iss"}}, {"model": "checkout.order", "pk": 5, "fields": {"order_number": "89E3E78602434D17934B80C06757E2A6", "user_profile": 1, "full_name": "Clayton File", "email": "clayton@fullsnackwebdev.co.uk", "phone_number": "+447593450036", "country": "GB", "postcode": "ME104ST", "town_or_city": "SITTINGBOURNE", "street_address1": "27 Watling Place", "street_address2": null, "county": "Kent", "date": "2022-02-28T14:19:26.411Z", "order_total": "70.00", "grand_total": "70.00", "original_bag": "{\"5\": 1}", "stripe_pid": "pi_3KYA4EIOvaJrsYCw1Kpc7vZS"}}, {"model": "checkout.order", "pk": 15, "fields": {"order_number": "845D7ED591F848A49269A3AA94A270A0", "user_profile": 1, "full_name": "Clayton File", "email": "clayton@fullsnackwebdev.co.uk", "phone_number": "+447593450036", "country": "GB", "postcode": "ME104ST", "town_or_city": "SITTINGBOURNE", "street_address1": "27 Watling Place", "street_address2": null, "county": "Kent", "date": "2022-03-03T21:09:57.495Z", "order_total": "30.00", "grand_total": "30.00", "original_bag": "{\"2\": 1}", "stripe_pid": "pi_3KZLu7IOvaJrsYCw1fUplRFJ"}}, {"model": "checkout.order", "pk": 16, "fields": {"order_number": "7D498C9441664A3C9DF29FF3E53E06EE", "user_profile": 1, "full_name": "Clayton File", "email": "clayton@fullsnackwebdev.co.uk", "phone_number": "+447593450036", "country": "GB", "postcode": "ME104ST", "town_or_city": "SITTINGBOURNE", "street_address1": "27 Watling Place", "street_address2": null, "county": "Kent", "date": "2022-03-03T21:10:53.567Z", "order_total": "7.00", "grand_total": "7.00", "original_bag": "{\"3\": 1}", "stripe_pid": "pi_3KZLv2IOvaJrsYCw0JP5NUKn"}}, {"model": "checkout.order", "pk": 17, "fields": {"order_number": "7847D4A33054477D963E1B5D9A0F64DE", "user_profile": 1, "full_name": "Clayton File", "email": "clayton@fullsnackwebdev.co.uk", "phone_number": "+447593450036", "country": "GB", "postcode": "ME104ST", "town_or_city": "SITTINGBOURNE", "street_address1": "27 Watling Place", "street_address2": null, "county": "Kent", "date": "2022-03-03T21:58:41.946Z", "order_total": "40.00", "grand_total": "40.00", "original_bag": "{\"1\": 1}", "stripe_pid": "pi_3KZJqYIOvaJrsYCw1c9AT3qg"}}, {"model": "checkout.order", "pk": 18, "fields": {"order_number": "7B77C856D4BE4675B6C9EE60800756D4", "user_profile": 1, "full_name": "Clayton File", "email": "clayton@fullsnackwebdev.co.uk", "phone_number": "+447593450036", "country": "GB", "postcode": "ME104ST", "town_or_city": "SITTINGBOURNE", "street_address1": "27 Watling Place", "street_address2": null, "county": "Kent", "date": "2022-03-07T21:43:58.457Z", "order_total": "40.00", "grand_total": "40.00", "original_bag": "{\"1\": 1}", "stripe_pid": "pi_3KaoL3IOvaJrsYCw0L7AIG9w"}}, {"model": "checkout.orderlineitem", "pk": 27, "fields": {"order": 4, "event": 2, "quantity": 1, "lineitem_total": "30.00"}}, {"model": "checkout.orderlineitem", "pk": 28, "fields": {"order": 5, "event": 5, "quantity": 1, "lineitem_total": "70.00"}}, {"model": "checkout.orderlineitem", "pk": 38, "fields": {"order": 15, "event": 2, "quantity": 1, "lineitem_total": "30.00"}}, {"model": "checkout.orderlineitem", "pk": 39, "fields": {"order": 16, "event": 3, "quantity": 1, "lineitem_total": "7.00"}}, {"model": "checkout.orderlineitem", "pk": 40, "fields": {"order": 17, "event": 1, "quantity": 1, "lineitem_total": "40.00"}}, {"model": "checkout.orderlineitem", "pk": 41, "fields": {"order": 18, "event": 1, "quantity": 1, "lineitem_total": "40.00"}}, {"model": "profiles.userprofile", "pk": 1, "fields": {"user": 1, "default_phone_number": "+447593450036", "default_street_address1": "27 Watling Place", "default_street_address2": null, "default_town_or_city": "SITTINGBOURNE", "default_county": "Kent", "default_postcode": "ME104ST", "default_country": "GB"}}, {"model": "tables.tablesmodel", "pk": 1, "fields": {"name": "CLAYTON FILE", "email": "claytonmanu@msn.com", "phone": "+447498297006", "guests": 1, "datetime": "2022-03-13T17:30:00Z", "message": "plz"}}, {"model": "tables.tablesmodel", "pk": 2, "fields": {"name": "CLAYTON FILE", "email": "claytonmanu@msn.com", "phone": "+447498297006", "guests": 5, "datetime": "2022-03-30T19:30:00Z", "message": "plz bro"}}, {"model": "tables.tablesmodel", "pk": 3, "fields": {"name": "CLAYTON FILE", "email": "claytonmanu@msn.com", "phone": "+447498297006", "guests": 5, "datetime": "2022-03-30T19:30:00Z", "message": "plz bro"}}, {"model": "tables.tablesmodel", "pk": 4, "fields": {"name": "CLAYTON FILE", "email": "claytonmanu@msn.com", "phone": "+447498297006", "guests": 5, "datetime": "2022-03-30T19:30:00Z", "message": "plz bro"}}, {"model": "tables.tablesmodel", "pk": 5, "fields": {"name": "CLAYTON FILE", "email": "claytonmanu@msn.com", "phone": "+447498297006", "guests": 5, "datetime": "2022-03-30T19:30:00Z", "message": "plz bro"}}, {"model": "tables.tablesmodel", "pk": 6, "fields": {"name": "CLAYTON FILE", "email": "claytonmanu@msn.com", "phone": "+447498297006", "guests": 5, "datetime": "2022-03-30T19:30:00Z", "message": "plz bro"}}, {"model": "tables.tablesmodel", "pk": 7, "fields": {"name": "CLAYTON FILE", "email": "claytonmanu@msn.com", "phone": "+447498297006", "guests": 5, "datetime": "2022-03-30T19:30:00Z", "message": "plz bro"}}, {"model": "tables.tablesmodel", "pk": 8, "fields": {"name": "CLAYTON FILE", "email": "claytonmanu@msn.com", "phone": "+447498297006", "guests": 5, "datetime": "2022-03-30T19:30:00Z", "message": "plz bro"}}, {"model": "tables.tablesmodel", "pk": 9, "fields": {"name": "CLAYTON FILE", "email": "claytonmanu@msn.com", "phone": "+447498297006", "guests": 5, "datetime": "2022-03-30T19:30:00Z", "message": "plz bro"}}]